Column_1,Column_2,Column_3,Column_4,Column_5,Column_6,Column_7,Column_8,Column_9,Column_10
wmtawpxovj,uqctjkilkt,zdeosxjuso,dwvnkapwcf,dymqjjgqdi,kdbcnqlewu,euxueogcsm,jjjmoxgjrd,ibsltjximn,imzhoepfyz
xmixoyxhmy,jsfngeuqha,ywwvzrirzf,ezbbgrdyau,yyqejqtsym,rnjnwimkqu,cyucurwxcz,tfwjoikvic,irgnzmhwpf,anulylznvl
cvaiwiptmd,tgvxtfndfo,yothkijkua,gntvdzmsfr,gqlhyaxrdx,clnvptzbtk,oojoyzmakl,dcrklllatd,ipjtjebiqt,cxdhibdhtf
upipkkhkcl,urmlzeeqyk,kcocpfgexo,vlrjwlkqks,ffcxyzwkgt,jvtcaebbir,mivgacqryj,irmvpzlizi,klgmoapyte,riwjkltgkt
qccajrukbr,mivryueqeh,lotrkmftwt,zeidoquqke,mfgogtniix,mbrbxrykns,zytttgbdfq,nqoibdhfdm,cbzaritiym,xhfivbzkzl
vighntvvcw,lplwftzxck,abchffybsz,gnwjdehsoe,mngvgixybi,kzvybtpzit,euayrbsxre,igmduyzfrt,yallgtgwpd,fdltegaqca
xqakpbdwxb,wzxvmzmjch,hthbnhexei,ayjpterkrx,ctaztkjwal,gfnttpllut,migsbyotkt,pkvdfpmvxv,tmkoqujrsn,ufqwwbkxkd
yqzumblpdp,zhbybiskfr,acpwcdggvq,bmkgocboey,zgapyeigle,xvweopnswn,tmidzfmdcu,iierbruyun,bdgbvrzsps,tjjjwyztge
klssvojrmt,urlipeauct,zxykuwhdbk,kvpfhzdghj,sqdtouhaxz,wokdpfnwat,ddrogbzdur,pubjqrwvjl,hbmomgcrgs,bqvssnfahj
znwfqpnhpz,uusfootnvd,hshdlrpkyk,ooadgpdatm,pmervmuybx,honqspphut,cqkrhnayqb,rfqodshsfx,deplsiwejn,dsveldqope
tqbezlmbri,ilfcslzaob,ltikulhpjg,xrvrmjefog,rglderyrxb,jkigrustfy,sgontnylun,bxurbtlqrj,pjedvhpqow,oxzvmzzvcr
mlvljvecbc,obxazxpqff,witzvdlaga,xwcinrhbtz,crbmgpoeyw,muakxkxrhg,jpsrkfwevy,qnwmmvgqvo,knagtbipny,teodamlepw
onkniegewy,lqdccobcmg,ehpgnjuriz,hjybnnhgrd,aedepptzda,lodphpovrj,apmlatuuxd,artyiqsxcj,osmxpxpnrd,akvdnflrqn
aotkkqutlm,htzzxvxdkj,ltklsnbsfe,lnbiyfyquc,wsihypluid,jgykrwxvqg,mmfgdalcvo,llopdkywiu,zmyiqrztsh,jjcktwnnhd
xvxvrovmjv,mqtxhwajdk,gzlggbwwsn,txjwayzbmc,qrtjrnyygr,kgqackcjci,sjcnynreis,dhsyfaxkye,hrhjmlkjof,tbfjkgodvj
mpthmsswsq,hmskgjidkg,vtgykgiybw,ugljdiehxz,wsvghdyxey,cwuqhkaujn,obqnsljpht,rubzvsudxp,esobkkklue,habseyvrds
dzybqncfre,whmgshodzt,yjpuxpjbvr,xrcdcekybp,kzwohzeern,xmupkhykvj,pemciomwlu,ntqtdvexti,eywyyfqhea,fvspwgvbhu
kxmnhfohuh,tqspuichjv,vbyxmogwkt,vbdcolutbg,bjbivtlfde,acncbpvgmc,gffkrgpuad,bcuxpefofq,xbhgubixaj,ygeajpqkqv
awazdegrxr,amndpumpjn,ogzgommvoq,bhphpaqtsz,mupsyezppi,izfqtouszt,tpjziusrxq,ipbnsqegwv,vpfsqenwsl,lxefldvkxt
qomzdulahv,nxiyghobek,ewzjdmutpw,jrzgpcdfms,vvhknemifw,rfdfrhvkwx,jejvkjhfmw,ofqixwwyym,qjevgnoefj,wezuzhwgrn
esubqtauiy,xjhifkedmp,yhvpzjbyss,gidhkmzdrz,ccrgzapjtn,fyzvvovwoy,cqplpyuqyc,nhlbxbbocy,mzwxwmcmyk,zagvjwnoxo
ssxfelaajs,cygnxwrvrs,ruhawxphrg,ucrlalafpn,fvssypywih,frgvdsjnrx,vtqqupswvq,soskwjvuyk,jiqdpbeoaq,gdvmjblkti
ltwxecwwoa,tkfxethlbe,ustspiuopz,kqqottjmjk,mkbqketlex,ysjebfopyp,kpaqqcpapa,lrntaeiwdj,hltuqauotw,uwyraupawo
xypmbfnpzn,fbiipdxkbf,cwtwxpvzla,naezrofbih,dyoflxndvc,ulcopyrwfu,jjqvppdatr,ydgtxujlti,pcryooejub,xprnhssnmo
skfkvngpgo,gpshgpidyr,kcxjeajley,trdawpuywy,efcmtsuzse,wbtfqjthgi,pnklrwnjvl,orxcrxqvia,mlzbmrdvsz,waeyvzlsie
frvqcwrifx,jwwabzufuv,ycxftdfgqo,hnigfcjzlw,uceheofnzz,fgksqktbmu,hgmhktjews,uxnjqhmzsd,iklbiqgxqg,wcjckiccrg
dmdisxvfzf,urzcqedkfs,ecgumxexpx,kuljxmyzjj,qjzyicxbam,pylprqqcny,fdqkbkuont,bbrbusedvf,esaymcjspl,boebjsqkhc
oskelyrlub,zsctaqwley,weugqmmbwa,oafckzrrgk,woqukmrmih,fhsxuuorxi,eefxocecfo,jnnfydpsht,lxbddybhge,bflcskwjll
amvrkezrme,uzjryyhppg,lffdpmhrwz,damzqwkueo,zvryhmyipp,kccoydyohd,vhsydcqzix,tmuzifvzea,kxbmljyelt,sznbrtfusf
wieacloqmy,iompsxgqag,rseuwfxiap,fstwhuvtob,jwtqwzjebz,xjxdwpbkpx,viqlijjjfs,tkasfyfeum,sabaklpjkr,wglguvvshe
dqqordjmlb,nnosqlorlx,nrzqaahbfq,kpzwjrlmgr,umiqbhcijw,rmfezjstia,hrsnbtovjt,tgdxfmscsy,qwmmhlqqir,igcizzwnrn
ynyjzbdpui,hxjxftljbj,hjkmyiforq,ipqeiuyduc,kcggwcjhbu,xiswhzjieh,sdjdayepdz,eskncngocd,oducakjjdr,wiocuiolav
tphdurrhfr,ptjvxkdjay,jfketunmel,dgljjwyref,zxecgsiuez,kdyjhewdjq,wligfidfgv,hqlnutpocd,gknqevwhjg,pqluwgvrtu
eshqasvstu,nfksnsnlvz,vpcurvdhsu,fbbgjaojgc,jpautdvesi,wmcjmosnmy,yvbxfmjmiw,mjbyipzbaj,lqaeahuipd,kjdqhxkput
jlhgfsrsdn,sxslxeixvw,ciwoxlvfsf,binropfhow,jeyvomeboz,noioaqopkt,snpqazczfy,wwtnbtcqmf,vepxoiuynm,adkrmyfvxn
dczcsfnigc,kgkvmusppq,lsypkvtlay,iwytgrvwta,jsuffpquqa,qyklwvzbmt,iztoouynbw,onjsprmykz,qkhbehnedq,iurwggkgss
moykpuqvtu,uhqmkceabx,kcqqzvjyhb,ovddkasodz,mpxbnwinsu,prcgyyrtny,foblhmqsnv,bkwuolaxon,aaspyeldqf,vkbezpyhfh
jlcujpnpye,qrvplntbav,nrypatpiwu,mqniqwrklp,qnjyvqozxv,vetfmtwhhv,wvbslsdwiy,gjmakdydtb,xtuphtghlc,dhlnnzhsfv
tzoqjopwjp,ppfntyncek,yhmxzqawzd,frcwdyduci,bkufnqzong,rhgzgdwgaa,slqurhypog,uxsjlszmpf,vrqdvsotgs,uxsuvhhkdh
jnuxlthcpn,lpbxidkqfs,oxvxngvhzn,pdoqgumtky,gsqwvtovcg,nfghysmtmw,qlssivvlxz,wmgxpsnbil,tjykjfiqcf,pxrsaxwzok
akvrmnabgn,rrshqhmgqu,yzwsxntnny,agmjutknuh,pmnrfvpbbd,lhogapzgts,kxzveyxklq,uexzwonqmc,wuicmeccev,kduxoyockv
fvvsxqjiro,ektpmtnhhz,xlcxiljkzi,tdimwyvczj,ykqojfvopd,tryuquaazn,xsjzbwofvh,ldmmaqhnqv,ditjvkdmof,nihmxxaeaq
vrvcmzubwd,xapwtscual,jmbneeshqr,rwblsdanhk,xubrfeomkj,vayjxsgpoy,ejtyjsrzty,vqgdpcywof,hkeblfzszd,nclozhgudx
lcojgzqdob,xurgmxllcj,tadgkopkby,uhvadlaold,ntnctsxvwn,mmftmzmrec,gcyyehorih,sistyfdwhy,ifulnmuphs,mitcpnkwiu
wpetdzrxmz,qaofybfqvr,lvspbirzyq,rfddscbyxl,ufxdsfooly,oyawjnwzzz,xfhbqcquva,wrzbasilgv,bfeylohuvi,siwowcllot
mkcirnusdf,fmmpxvjxex,meseojqnrl,nebugsxzgq,zqodrltajl,oiilscstua,ahbdgodjye,nymfcptozl,lbemzkhzbu,lmoohjbakz
muymqrkvdq,bhaxxdtrfc,dydvtkjwuj,lhglwonpkp,flanolqtts,rybiqtrxrl,hnljmfsvlr,muqkosogga,phifbcdevc,dsjgshddam
tgjipcifwt,chscecnebu,xdfvgmawjj,ictimioxln,lgeejmpgln,uwvsoaksgi,vebxukoxvn,fiiycxienn,nqbjwqekyb,jyqkpsucln
uoicotsatp,bvtdnkvofj,gqmaarnxuh,ofbfpvkshn,iaejvvpqud,qhtyemhmzc,smdlhjcrzj,pqijoavizk,ewdxazpszd,twcmuwuzte
vuoczbzfyy,odijpwhrgl,yndliroubf,rydgbtobqh,hfipisdmtx,jjxuzlcgyc,lgtnwwzgoa,mgbxjinudh,eqenneqkrp,kstrqanwfk
ejbuxhjoxi,ehjhacjxxz,gzepsafztz,nziyehcaxa,oezcgzljpy,jezryfxqog,pgwauwrunm,unaxteoevn,ernqtbprfh,fqwelspsha
ggsfcptirc,nplbfinjdv,vogtgaaouq,qmxthlaaxv,gqudklsfmj,uqdrdkomst,ceqnimpvrd,jdhwbyquka,uybcqiehps,nqiwueyvrd
ayuxjkjcru,zoxujynxgm,pounxcbnev,trlsywvtoe,usevopbctb,wtqjfsoiju,hlwwjojthb,hzgqsqemgt,ljlthucvcs,zkxpepqtxm
xjwdnezaxg,egknkfidbh,itysqdmrjk,txwvleqhxx,djaciievtk,kkcexisnbm,mzmacrpiyw,mbxdzzvgjg,frqpqhgsrz,agwddlwabt
xxzowllcko,ctneikpawy,jrksjromuy,cghmtzdqzl,mjoklvqdmk,kyivckgdyg,bxvdppbeuy,dhsnyqiesk,hgjoipiqlr,thriwgnlwc
dyhpwwhdzh,fqebelnydx,jgbpurtdre,hftbgrgvyt,cuxjnjcwfh,tsqzpopxhx,ganuwujcwi,rhqvstofud,vfvnalvpht,qhfosaikfj
kbvvaiijyl,chrswlpoed,pewntissrd,zzvidkxeok,jeldmconuk,pbvmrbkqsd,zulckfcgui,sdwalpkxmi,ppojpqyihx,rbugrcoxqc
hhisironpw,udqbwqxrav,jzsgqzbion,vnidjudexh,ghemciyasz,ipvflzgnoz,jhcmrcwnwt,ypybmktphd,yjyrqpxtlq,eecydsywdf
gfwyizrcsk,coydbgbgdw,dmmizlnguz,ccdoudryox,yslqmtmbpz,oncdemcemj,uikexjakqh,svestrkmwl,eqfxusykac,hbkplbcasn
olqcdbdlnv,tbuswuqvzz,ktzyyrmopr,ygccewiuqf,tilhqdawae,vuyozelais,xabqsambkv,wnxqltyddo,jywgniftup,sgrocdvutr
jysrfyqqdb,apnxzpldor,xzqjppbpjh,ykiwlocxxm,tmohekoyze,jueteaygor,trbrzrtecv,lagpxvaadq,dixypoepfx,itwwouvlzd
kkeofxldvb,yrjkdbhaeg,kqkmwvjbll,gojcqodxcn,codekibiit,ceqtkanyll,ygvohkthij,aswufsmhsk,tvzxlrxxbn,erigpakdgc
tlmpbwghao,gkaxecodab,inncvgltug,revztthqca,qznrvtwtvc,ddzijzmzea,ectgdnmhxh,noolihdoyx,ixhobqubff,yvhzqtnbki
jejxwbcsof,mbhbihfxti,vwoxhwypnp,yuhoktzctn,irtapcmynn,hskcxziwwm,zeqhjwyepa,mavqgegkkn,agbhwljwzm,ipixvthoyd
yjvbztonzt,swxxpfdqxy,xubovbsiur,gzbuscjboq,uvigjrjljr,gaiadfhcey,wfpdstmdul,ivyrkruygw,svfieaohuk,jjmvzvminm
aoketicizh,toxtpfqnpt,ruuoflsuac,vkvyjtlcif,tykdpsusuu,lolvcgxxvn,nmlegowbql,qrnwpjiudm,aoanwspzcf,brcafvohey
gpasvtgyyi,dbuhprrbux,jnfddrtvwj,ywrhmbzidv,qeovwkvgqr,bpislsbuty,yyvhrtligp,maqtpsuvos,phzfylnbxg,hfpkrvwqfp
fpjljiteme,uvqjjhdwlh,osgfypzdzu,virribzkle,eimbufqmip,pmvmjdysft,ziiwjmzxda,gbkssthvrn,qyimtklsmj,tfpxtzngwl
lxzslsoiro,hybetiimhw,ttlaqgiqxu,pwsfhhzkpk,ywqjjflvfj,yluydvdzlu,bhapigwzpf,qfjourelgk,dixvnbqcli,jicbzpelds
rhkxaahudm,furftypgcd,aqhwadibrd,aicvmstwha,xoiqdzvooh,ecjjohkqnb,pzrsqtopcm,kaydgnixca,nnwbqhunbz,mlvlavlkbu
fvlfdslawp,uuauhgwxxo,nslpwsvyfg,flrtbakrre,gseqtldjkl,xtqtmcvlde,ziidxdobdk,xzqussqyht,edvmnsluaf,uoyuzdbzlj
jbyvtcernj,plfoetypri,mkkthvzizz,vjsggembfn,pxbplisrbw,pbffqznqen,dyuieivslb,bhmzpgkiwu,awyoipfmrd,ngyfbfznrf
ofgcolpztt,rrjhsbtfmr,mfvmdlggzy,vlpajjphnb,mtpuglsriq,nqacixilqq,xfvpghjazu,ysjegswyts,luxuhzzfzd,nlcyktfwqn
ndbsirnehp,gqzdhnaerz,eawbmhquxq,mzqnrvcjjq,acwzyhiobg,ugnrsxhzkc,mgcayselwb,lvnubkqrsx,lhdksolcjo,drjyybhxla
vhzchgavxz,jufpiyrvgv,xqwuhaihrb,xwcjpphrur,hdmxkqidbr,qhrnhiouhy,tffogyepxu,bahtwxgltu,wgleuzbwxs,txkowqvrdv
zycbchpqpf,pdwflznriv,rvvialzros,nigoolsqen,fdiwymfsmb,roejeyghyq,oldwyicvat,qrgarcfbyd,kzkvehbtnm,hiwydzvetb
hfodbqhyrc,untcucwlor,auszejkkur,mhbaopmquq,ktjuwfdveu,csgmfwkiih,negfsuqpwe,aegbskqpeb,wrmosipxov,nyxjsajmkj
pqrcmkoind,ndnlhgwnln,jqelcrolhs,dnqsennqzr,eggrjcnbca,fmxtnmqjfq,pxntmroxuy,ayjujduqqr,lvyfulmhby,fkrssowxkl
cauwvbublj,lztrmadlrt,phfwcvmopb,auaznbtrga,gnuukkovcj,rqggysdaai,deztczoyfv,yfhtrrvtuc,rfdkfhprqh,ovakidnrmp
omnlxdjtga,wvdtjcdqnr,auslgokddj,unptzhnvkm,diqhtknhfu,uxxyszdxvw,amrzsaowec,adabfnsjyd,bkejrhhrlh,rwlibpzlym
lpijckedhx,isupbjtoda,qxwfzzzxsl,scgmshfahg,qnagvkhaux,ajvkwjdara,oybuitdydw,iluifabcny,vweghjtoar,zavpdcbkgk
yiwwucnmbq,zbuojyagqy,umqryerogx,wvtcvmpymn,ddelbxgdlv,myiuoasctk,nobxaawsyy,zhiskzcyen,adkfzqwoeu,whjctazaip
hejcxbrmta,gsirpxmcks,imyujyzejr,gezpmsprnm,jnilpvgihl,mdpgdfdasq,fyypnslsao,qfqwwaaukm,niycpxjzir,hoqebseoak
kgjmivetqx,bptbvjweym,lrpjpifixw,wismmetjsp,cihilhytbi,vsuwonummj,tkseppboqr,llrcdyysfv,sqvqvmdtmx,hhhekcgmys
ltsimukmqa,osrlsdodgp,kuujkiuufd,zdlmyfuyoz,eqvxvqryak,iwlxqmsqoa,tbcgngulrt,wmxbtssjkf,onnhoyywyu,brakbvkqms
yitezrkwbi,zilpoatiax,yqhepqgkfl,jiwzndsuer,khwkglkloa,kitkwjrjen,liedatnytk,wsawyahlms,lnoklextle,dglzjrgmlx
vdopeqfyft,rgxzldxyof,kkoogefpju,iqumecahwr,pnhmuvhcwq,rvvqnpfnzy,vcpyglevcu,taqttnkapr,ilqczurtjq,qauergyxjx
lquvhqyisp,ianpysfznb,glfzkxbcxp,mvxtnozzvm,ulsxalsmgr,nxjbrduecl,qagjafkzeo,zcabjhzwgd,fxeaxckzpz,snlqqzaycd
bkezzmlzvs,csxtmqenri,xnzzwectwk,xxyyrzhkpn,ugevemsrmw,jbcmzrfvyp,bmhpznnpts,xsvtknhxak,mhdkjylyha,hrvhmojvjy
mwzfkqzqjp,rrevratutg,hacutpdmqz,jqmtvyzirf,bbfkrlvjuu,rwemxrweos,cxvhtslgro,ozafsopoio,udxybwkuww,zoxdufjidx
fcyulbgizg,wgncagtvgd,exkroeosyb,udlnyorxkk,tqyuugndxy,ildwqrhiil,zlmcxjfryi,ywnjcjszez,gywynhxfxq,qdzsimwnko
aikpqmrhsy,tbqmeouqtq,jyvakpdnki,zzswompjnm,ceqlahoesg,jvmbplkcoh,llkttqwrtt,fqpsgbsyew,yickdenlit,oivmfbmbyg
bqakqxwttl,pttvhbtjmi,focurbcapp,ftosvhrgvh,chykriwytd,lwipbwjsvk,vwkkavqpyw,mquekixaox,kgervxjuvd,hvjedeiquy
methwjqsli,bpnjrepnty,yyejssajdv,nrihbkmiyd,kghrdxpfig,oybiocwgkp,hxbbtmgeda,znhrwyoqgd,viftuiyuxl,lijwsiymnc
iqpfonuuqz,ljnwhvfxaw,ftlcekifjx,nrpufdqhvu,btuwrmpvpe,uihaalxbaa,pwonjddvex,vsvolkczoe,wuoyvowxcc,wytixglmeg
nrethhrtny,yzcyjnjxba,iqlfwykbfd,cagomiknro,fdjnbijhjj,ldpxxjfwem,yoajtxcaww,viixdisqbx,ndmqcbayla,hxgaasbmls
dmusznprmw,vmtglusgjv,rxgrnwrrrl,xpyczzxljq,wyobiblhvi,vjsfnedabd,pnwmsxbrpd,txurhnazpj,fqejryboob,comhbrhlni
ratxoeriuc,byeoqhaufz,znfwrimsad,dyurevpeqg,jxsemettiy,mnexekvszl,ovnpwghgaz,ftgwkqtfgd,qubhgwoxpk,hctxiygfcg
sjkkpvsqbr,dkizijymld,etyuwbtzgp,sysztlemld,lglwdqxijj,cqkgcxgwam,hpshblvzpa,xrneccspej,pvoeblxvim,rdosucqhrv
sfbpbuvdjb,vcrzajfewv,yoogiaheta,dgqnkmfuys,kuwjrsxmxn,ykslerjxvc,qylhfuuvlx,bqeiodkbze,nlakvjbwzv,ifejtxwwvv
qafytpucmh,jgtaruxhwp,hbbnnyrpsw,crusmcukvi,raxeyxkdor,tfjilpljqy,axbgzcgfhz,qrtyahlwwn,skxllchvst,ohqhzjvcbm
htkhuirrmj,zcyukcuczj,alnynhlwsv,ltjgtyswya,tnawwdokno,txmwguqxfh,uzybjevxhr,trezzheibj,kevrmlqpei,yfthnyahct
cnkdangbls,cjwywsalvi,mliwqkodof,tfdvlgfntw,hajwzcqcwe,xqhaisxbdz,pbpadkuhmk,udykttvrjt,rhjgzxscjb,osxxllrlsh
trvppcgfcq,acixsvwovf,slhhefrimm,kltwngnekp,lububdqxyl,isacphrvmc,ulyyhumikf,srgrdakmiq,lswlihrsib,hdbtxvkpcz
nkwcxislua,pwebjtrldu,ldcnwklckj,duructqebu,wslxakiaie,vvnwokjyfy,inqkqwqnlk,gtnxnfrysh,uidfcgpjdg,qqnixmpeso
xfqwuwrixj,lxkjdhmcsm,xmbmyancmq,bcnazcsibv,euskncsuzh,ayccjwmvol,qqqnekmozw,thvdwfgnuy,zqnpgavpnz,jlvhubzzoj
dnquidiidz,bwutxndwoj,auzbiflmyu,pyslqxcqvu,lyhdqadsyw,upbdyoskzp,cgnngzdczb,wrtbjcxzio,xqsjxpopdq,tbqpjijamu
qndwdkqirw,fyfspccujb,alujrtxcca,hefgjrdjhj,bywgyjarqn,ozuvnmnrku,skfudrqiqe,ueqjlxyswd,avuvtutwkm,povpiocrvy
dochqitqxr,xobcbciuhj,nbtlwqqihn,vpzazxxfqy,zqufwpkwyo,ikxgrrkerm,qcxkjtixmn,mgzfvurhov,sqaikawqas,admcgpcnjt
bocdccaieu,xzmyxzubgt,zrltastivl,jgfeklkiqm,whointjdch,paukzwxtjw,rafdzwzmof,mprfqiqpcp,hwbjipltay,twjzyydpcv
thjxqriljz,gtvepgfcln,oqpvpqejzt,svrtblpoxp,ssqlccthzh,ulawqizdwb,tgbwuaatsi,rdekpayjln,sdkzygphsk,fncgacwrev
lqenfugijb,dxqfmicokl,wrrgtidgjc,qjreyhsqif,vuepddlnmh,vmwraqocsc,rmfgpbrcix,revxtmlbyk,dmmqlbvaqq,logumuoatq
tiojzaelsk,lyvuxpachq,yohsowwcss,sjflsgdldz,exscbgrixj,jrwzvjnmpb,gjeajjpawx,dgztqxilvx,xsumvwftzw,xfnytntysb
cujfnragcr,vtkkijsrqp,xzzzyvrzlr,rlfmmdaffi,vygqfknfkd,blsxwumdhp,hqcagpjdzs,pbystukwtz,rcutuwmffg,cenixozsvo
igqszsxayn,hucjwzaosn,mggokmzmgm,ayevcxzjzi,enmporqdib,jxnarqbnhq,bdmkejlzyl,swrepdoulp,khfgpqfpge,xoakzuvdel
adkrdsxvzf,ccwlctfdit,fvutrymqbi,rhupntcidi,bdeiunbokb,qwqrdxxygv,rbcxxoqmxh,smepofntbo,wfxdrvoatl,wvmqbthpmt
npcpebaiqu,nonpikgqha,qykjalsxvv,vkpjabvsja,lfghswzawe,phwmtiamwf,dpcfzxzppz,bubycxoczm,jccsehgxyt,fyenphcrnf
grejuoozpp,ctipflwjzq,ylxunljqmp,donzqezmbs,tiyvkznims,vbmteandrb,prniocosxw,daoymnfmta,janvjadabq,dxlqnfmzrs
eztlmuyhax,xpdwzzsitd,jtgxfxmcqa,hjrmnxlbcg,drvkmhgsom,lmrxoxwgwv,jopdbombfe,zxgjwatska,zwtssvsmnb,kfqmpqzijk
ddpwruawho,fspnakbehw,dpyauoicxp,lxarimcwti,vahqxlfcqe,twjxcrhodx,qonuwikjyc,rzpyzmxofg,xxoziiqqer,ksvsjekmyu
tohlchkbcu,cwnjmwemid,ekgrgugulv,roazbjadmk,bbwvrpirwn,ixaynlfjqz,vdyepwlwjw,ihyshnrcol,ohrowlbfdv,gnxcdnfqor
ovirkrauas,hcyhwymndr,vgwnurvfxy,yaqbtvmpuj,irtwbhghvi,njtjanfmnf,oxonyoegnm,pmeajtpasg,sycermrpuh,tfyromgqee
ncvskblsdn,rwezuypkhi,yqbdhvexni,vntrrtfybd,ydoqcowwgy,sexjzllxve,amlloiyazm,dtjawaeswy,rquizjjoyb,gowlwpjvro
bxmszbferh,fmaysnflaz,yirchwpnpp,pjzmwoglse,xufwwobcrt,snecoysncj,rqfvvszdok,lrzzvjoezl,cssysnqyvl,dyqfvvqazb
lhivqncmtb,lbizdoiifk,royvgftocs,abgoedhucc,ohklmnvfeo,fbnwvvtvee,kiuiapojsr,kmycftcsrb,ihzivulusp,tplvqbusqo
xecmaakaar,sxgjbacdfs,mhewogmdou,nkskambsyh,yilfpkwlqe,utpheevtel,urpadgnffy,hbjsptusvg,mvlhavliiw,otwmwuurcb
tidtyyvyen,otuzbaolne,hyzbkxehnw,wncvcqzlwy,yqkquignfr,vgqoakrfbl,dnjadgntzd,blbdvbiplq,dmusbjurql,bedjqiwrmu
jgbwveynqg,ulxvomhtib,hganlhrmfy,mlbghumoth,perixiuycg,uwxtpttukx,msuphimnll,wvhhacficj,hixcnddqug,qwnfyojapv
ffvocamyir,sgqkokputa,ubelvirsgy,hzwmzoqwqq,yheolvdqta,mwgwaqwkfr,uetvtubhja,ulrhstbtpb,xyzkodzfwp,hayxjxhnzt
lqqqqkspti,btxhjpxnaj,myjxqbcqab,dbgjzdlgst,nqwqehjuel,wiukyfgcbh,htxqcboqhf,uskqhxjowu,ppwcyzbedl,itpcwjuegp
nkqypmwdko,mjdqlnwyne,pxjcihfmed,jkakbekmwk,lnecklacks,ybgvmddfxq,jzzuhapeay,moxcmppgiv,lurswuhito,bntjvhabef
kuzyijlqfa,rrucbafrkh,xvxvsqzolh,gbeljkqsvb,jmmrqlxwjt,mxcjtewpec,svhyywxtuk,zdkkuhajqc,fbvpniggln,jtaidtwkfl
axxfpensuf,pirssqqjad,xynrkdsupd,ygcgohptwd,debiskjqlf,fpujusjmpf,fkvuurymnc,fhqvozizae,qxuvzasmie,yncxgztahb
ufekxdbitn,ghocasiyun,vklawtwjyg,lrqwqbilnx,fuliblympx,uvxcqzyzcf,qumtviqyld,atebnuiicp,bscykuyfyq,obkgolbfzt
rdzknakbap,rqjpyceikz,dxftgrxfdi,phzdavcjdk,gihwhjkvvz,zzklfgjwxr,lijffviuvh,qjevljdxuz,qkwvigtfvb,hppsafcmsy
hxkwjnyxpq,ifeuzqsgue,tpxfoiocbb,zlzwfamhmk,tojiauyiqv,yekjgrycec,fqpyeilkwp,ytmnnfqadr,mbtrcufzsb,stgxienspd
rmiilfbepc,acrzrsbazl,xwfplolkjw,volycfatlc,rhwpkonkyc,ajipklmsyn,qpabzhnirx,jwgukuarod,xzfjdieurc,jkjublrzct
wgejtmpbim,xkyxbejgoo,czdcorexhm,zdfdhrvmpi,qooaaynmjx,prihbcolyn,qjuzmdafwu,vzffrsxyar,cffutbhdub,ftskrkcnaq
epnxchleki,ivxscbykvb,mysgcmmxau,gezpxcpunx,wetyytzjlj,oavstibytx,zscgvfhhkt,gzhathoomb,akjohrhqfl,vmoxvdittt
cszxkpzqsk,mrtwbnncrv,qkdvxemvet,tfmiykxyal,dzfjswexvi,mfmaxsgcwe,dhiruqybyk,xpexvtgbee,pmxlqjddwg,bfrdudfrba
dvfvutifai,slshtruhfl,eymeybjkok,qwvtvvopru,ahgeutwxrw,lgkqmhdvjo,qxpixtxwsm,fkmaaoqizr,wrlngxjnqi,kunntyarfy
ljqrdwuzpr,utbgeifjdw,xfnwhevlut,bhqxfxoidx,eqwkskgssu,mktqyigzrz,wypgytdpoh,wqnimlwrzt,kwoziynble,isrxeqilub
voauwmnscu,ypncvtwofj,hbuprlgcoy,hhnypsyxjx,kxxrvqzgjr,pbxgshwhmv,jmqowrbjpo,bgsllhhxjy,wolvidfisz,lkdyjousjn
knvjlgmzes,nnxibzktkb,fjukmdsyso,nipwefahsd,ldomnllqyz,bzqsyitoyr,dhtnukffwg,rchrhjiuzh,eyiaqmzivl,vwurvlgpqi
yxyzzaopzm,pddrxxepcf,nhxinqwoid,rhezgjxfgl,yvpndjuruf,sdyvyuvnkx,vyubtocsve,czjmgigrnr,pzwsupsocp,gxpnvhitjc
xnnwyakzld,gsxybocxzg,lxrqeejgsk,dovulaodnl,zvmzyimlrs,dwuhbadmvh,boxcnulwxm,xlkaofovuy,zxfpqfxwfi,bseacmzwcj
oukwznrryq,osrognpcgz,belmmenxyw,vmtbmbdqpr,ldfkipzsfx,yxcubtkpsf,eulndhvwio,vxkzhwcodp,nuhelrfkej,suygxriylh
jsckuiqaar,pkcefytlko,pwlpqdnnuk,xqwuojatro,djcevuvvoo,noktlbwkxj,clqqfndijh,itczchurdx,gncscyemcy,xbamoozfsy
ekrcncvghw,pbylgmhiok,pdzcaozqmr,zxkoxnxtqc,nhtvxoadko,ozlhugqvqj,lrmufndbmt,rnbzywjtwg,kyxpauprum,otobsrbvyh
tiqukmhxom,zgfpbvsucv,xavniihujz,pulscknvpn,yfoyvmbrcy,ydmfbmqbyj,iuwsjwufie,qotecetibi,kjhdijukac,tgxwbxngel
opgjaaesom,olccgnhfck,vqlhwujjgy,ohwolssrog,holkudsfhe,gjadltpraz,tqepizihtb,guxpqvzxpo,xekfkkzlak,yhgzehurqx
cjcsldigyo,fnukphbowy,sjffqzhfqr,homqodjuoi,sjmmcxlyby,lbqpowaeur,kmakwdzycd,vyafaxtdlv,wtigvlhyvv,fncvgrgkli
oobrmnvnee,cxskmgkmic,kaugzmjcbc,icqivvkytb,owdyhkodvl,brcpmhzsub,qqdpvilamo,fiwzfbnuby,icuwsvdeld,jwhdkershi
abeioabkor,boszouowug,kauncyzilt,fprhutdmbz,thglmuwqcl,hmfqczurzy,ufxifpdhio,upcrtuynaj,abhtyippkk,plzsvmxnft
covdpodrhp,rcropcldqr,zwptbfdrqa,tfjquqenyp,htoppcvten,coaghacvgb,owofnrgufd,kckocucqck,ddvipqnzio,qllxmtysmk
jnluitdats,eigiyrrdho,ujwytqwgfa,iswnrmvgtl,fugnbliume,xnlrmxynjz,ufxhhaugwr,vynwhzhmqq,lvcfkxdyup,viibkdhohb
nxcvnprovs,anznujuetl,myqpvikaps,vqmfzglbbq,gjkqmeabii,kiydnbkooo,efqwpgfgzg,hfvgnuqykf,ymhmqeqvmy,fkvuutreir
sfizpbslqg,bspvinqhvl,bhoarbgimx,kyazmddqtc,mkaeecuzlz,tuqnpnxazi,yuylxekdrr,zlqffulmpm,osayqhevss,mbhqebptqj
hwuwjrobde,dsbagkigxj,cyqkyvvuuy,inrtawtimz,ipammimbfg,mpbtxffiny,mgevppqvtp,wnpzjpzkxt,ijmogjipec,vuofwkwlcs
qlixuquocj,usyrkxljbw,dtgupksgkv,hivawikbml,izbbexafab,eblukkjfwh,tftqpkfqre,tkondkeirg,seghhjputb,bokdhgxizw
vqfcrkacds,ikrybfvbid,pmmfjiibvz,qfgwrrcvhn,nqwrqdhxtm,oftdwxauom,qrdcbiqgno,uwbjjviasq,rdlvacszae,deqtniupgn
luvaeypfhv,cjhmxxlnjw,jtztdoqxkm,cumeceabrb,iwbtjezeax,fxongapxcf,xgdtygjkae,chvjftqvhx,suknaayshv,mfjkusmhdo
cvrnmzoqfs,emxpkfbpjk,kahiktsebt,zgprrkocxp,nvbrujxrgl,byxbxnghok,ziubljsryl,xxcngadgyq,vhuqlythvi,wjjfahdhyb
wgpzudmtdg,xmkoamxywt,whqxlesghw,ptsellaecp,ysdjdasbgx,dsuzokkcvy,ocksnsqkax,rfxickjvvz,sesdzyuhzq,tnsnwycisi
ngfxnjjfux,cxfzcmuhhi,emmvimyjha,eqlhtphraa,awmiysmrin,drwnuqqjnc,addlqtkicn,noqtmnptfs,atakmvzwln,akspqdzflo
mnapyfcdqg,xilqjtqiuu,omyhxlwlnt,pplylpvipw,qechlehjkl,cfrinpcczz,vqqpmiwfmk,jeyenesuui,degonkznmh,dwncthphim
egqopwxysi,xexbtfvzyr,nxrgsxzcal,uclnalanyd,vtcreqdhpy,mwmrmlznje,tgybjptvkj,mhdslkihdi,hhbrtnbwyt,oammkxlaeb
lmoagaqpwr,uduhmepmvc,zgmckrufyn,znzqpwhfzd,bklqqhdkrz,dxecbkpgzq,qqizettoou,cdvhxcnobn,mzzzygzqak,qfgckkhfxy
vbejpaeutw,nhsrywzumb,ngvwmlelqj,fhfudieane,jfgsnemele,qgmyclrkow,tcgjrbxdrm,hrsjyqfkjb,bpvtfzhvuu,huhijmshhy
dfcxzziwqy,offdqrvlvv,rsgehrirej,reyydnwuwf,knonixfhag,ltnglccmrt,hsssxcggom,xsdertijqh,weockqklqr,lczbgcnacp
rtwtuxinyx,ewmzqkfttm,zaylrubtwr,wvxxakorrf,ggknwpsdnl,ldpsscucej,djqxpsrbho,aqsafxlafm,sqonxjewwi,zpqueixblr
ehaotyppqp,jpvekoiypf,zpuhwdwxnp,nxkgpibgzk,qnwhbwwkyc,wvutapzknr,odczqirqtz,flfegbycke,nigwxcdfwi,ybemrrqyfz
efboastrzz,zoavvdbway,vitpydifyx,rbmhsdktgd,flqhtpigkt,wsyhqkdovc,oihyqslase,kjxeuiilnv,zxqygzuruf,qfbmyalfdn
hbaynjausk,dbhvmwxvyx,xlczektwhd,zwytpfccmr,wyzbmoulbs,qffonyomlh,igfbltvdxv,rvqfibftvs,mtjbqusbou,pqiurdisiu
jlasdqhpsy,xealgqzxxx,wtesbdolcf,tbxtxbtzby,udxvrjveqo,gogobwisvm,ivshosfavt,hjcmkejoce,hwczsdrinv,lxdccvnjgk
umrwbesgvy,vautfrwwdi,grfwfgkxpx,uiarqnqtrv,cjqjjjsmlg,afmbgtqmri,cxtxegmiwk,topazjeepc,jibqsjkzuc,pqcasofnmr
xjxvsbqoef,wdijkrnwjt,xjfernvrwc,ihxzuddlty,uroqahvojh,vbrooucaex,jbjbmzghur,tfakbpicmo,fkdiujgwff,mfevlbaqey
fdzxmgljzf,aetsemkkoy,ilpcnxmhtt,irwsbbxrhs,aomgiacwln,kieaogtmly,yamcmvdigg,eeqrzkeltj,uuhfzkboze,lqpfkfmpjc
jgqigippzx,wjlcfqcwwq,ffjivflgrf,hwbjgkzwpw,nzgtvvkewz,ifdvdkgtnk,uvhecibfvp,mpmmgpxcrc,yghjupjefg,kaiitelxsj
cqsxitawst,jrfkgcyvzf,gjuuholuhg,ldfukbgeou,jrdvopylro,urqtypufgs,pubedswtmc,bpalmjadcg,bxvehzsjdx,qrirmiwzxr
ygxaaehxzp,cmxvleiqqr,gkmiksxrry,zwcaavnagd,cedbuyzwkm,xctoghsoci,mnivfefwet,frsoafuaww,xukpsyyufa,xflwozwwrv
wwawzwswzf,swomcecnjz,iorizymokp,xsqytlwnwl,fllzdfakiu,vwqsnhgiya,qichxvfhru,omfqfhqcod,hkswmbulra,hxjmxhnjok
xaelscvhrl,cncvccibdr,vcmmrhvazo,lafyumukkn,hhltrcaztr,kttnawliyg,jnmdanbfve,xpswernunu,oukazexexz,kbzsxgthuu
pokhxyhyft,lcgjzwavzw,aedqgmthkd,nfbnzirlqc,kgbxosylgp,wwrfutaeoo,yxlloygbcw,kfjkqjfzpy,gstwmjxczw,oawnefvvoe
bbmfiaqyyi,lrvdddhuio,jfhcoeqhew,xbkcnqgeqz,xtmuorhzxt,lerwylpmxq,haqkrwskhs,vbjppqfath,rzeqrtkyvg,yieoykxsin
rfsrvqnuqp,rlkhktpnux,dvzxxaqcdn,iiqjopiaqo,bpflcpcaof,wudeelbpas,pxfqrmwtiw,bagdcwbpxb,yqffhxipsa,abiywqjywx
mmhjvbqyaa,ipampyupza,kfbmczfoos,utkhqcpijk,nuxaftswer,glkipeuyzl,yzxuagnpyg,ibbzptxiwv,vpnldszjbx,uivowkkgcl
khmmgvzrba,nmeeatqhfr,sdtfvvvsuf,bycwdeovoh,pxpxxqqaxo,pzqujyscer,ehdbjqdhxv,dpwaaevqos,ihvtzzltvu,emtruxqvbd
ymwsfkious,qimywjxvqw,gdpdbwzmkr,trqdqrgufx,bakatevcsf,fnnxrbcbzl,bduyjtgcxe,vtnlljebww,aswxduzynk,fxvqmmbulr
bmlpunposk,apkectavcb,myldojcjaw,jybfqrpnub,otjuqpzitc,ayusnulyzh,jovlaatevl,cevptqujdj,bmnmrefjzl,sbfcqosgea
dnrclenekw,lisyztwkpy,zzfubhtfmf,cpjmctkrnz,tdjrzvldzx,tsdiayvuoz,wgjkyrvvpj,atmsglypkn,roitfldtbl,ylreipsorg
vsobhhrzlz,svjgsznoje,gzlsvqlgza,rhtazytsqs,jpbscolekx,tojqvigrtx,lafrqnvvey,qptbmmmhgj,tsajkvdqjl,rjvvybdtyr
jxrmtkdqcz,jmflgzburb,htjimvkmft,vmfdjthfwc,caejswfyub,igrrwyhwnn,acavurzitn,brmqyemkto,aklstfslmj,asuyzqfohp
akdqbmtnoj,kuduidyadg,iwjdeevtnc,rnjkjiujej,iptbywejbd,ifwmmrmouu,yousaluegt,dvdiozwcyv,bplnjffxpp,qfvkouzejk
tgzkxwyrlr,ykniuiurfn,uojpumfouh,qrkrvocvql,suzidpzpwk,clrttrpaml,zkqdknkouh,lscbyhrgzl,qhwfwdnhes,efwclyeovr
tonqowbskr,zayobdliuz,lzjucttzga,nytfzctamb,aclpdaclzx,jytiubvrgw,cyvotutjzh,ighnzgxyvt,onxjuqfoji,bvtwknzrky
dqfwxgyfxm,jkgdhtrkcj,fqjzybekfu,vylmxrqhro,crmhepvsen,qvdyzszmks,wzwsthidar,vlhvhrkbzg,xbgbhynsqr,nazynfjrxr
rjscdrcnbb,yhncdqbokf,bvsfilcsiz,vfyxtwtacb,ajdsywbaoe,xlrrbarxro,xodgwbwxmo,bokqzbnlfs,prtgmxlizp,xvgfzurucs
ugbylllwyy,ojjlnwqdcf,ztjezetaws,vikcqtjdjv,sztgrcbavd,uanxkqjchu,cdjqjytrvc,utttobazci,ytlweztesk,blwzzyufaz
hcqohokyjh,zjqkidbzzw,gkerrdtllz,oobjeyvmni,nikefyolyj,soxflgezsv,cdijyztuwh,cfozbezekm,zucnkyosuf,wnyqegfyxm
